{
  "version": "1.0.0",
  "trained": true,
  "featureStats": {
    "totalAwarded": {
      "mean": 1903729167.45125,
      "std": 5041179766.14289,
      "min": 127858107.66,
      "max": 25739952424.440002,
      "median": 509443963.15999997,
      "p25": 246769021.88,
      "p75": 1800933390.5800004,
      "p90": 2242730449.03,
      "p95": 3486204096.1600003,
      "count": 24
    },
    "avgAward": {
      "mean": 392564431.0375436,
      "std": 339775005.1883169,
      "min": 127858107.66,
      "max": 1349853665,
      "median": 247844976,
      "p25": 182138817.17,
      "p75": 489099894.19,
      "p90": 902736463.47,
      "p95": 1288878052,
      "count": 24
    },
    "awardCount": {
      "mean": 4.166666666666667,
      "std": 8.214147686901073,
      "min": 1,
      "max": 42,
      "median": 1,
      "p25": 1,
      "p75": 3,
      "p90": 7,
      "p95": 10,
      "count": 24
    },
    "maxAward": {
      "mean": 682366951.8908333,
      "std": 1110640377.1589584,
      "min": 127858107.66,
      "max": 5668542889.12,
      "median": 285065456.07,
      "p25": 205010308.89,
      "p75": 673140164.34,
      "p90": 1349853665,
      "p95": 1467822926.94,
      "count": 24
    },
    "minAward": {
      "mean": 304289155.97333336,
      "std": 324864512.6094582,
      "min": 113051544.69,
      "max": 1349853665,
      "median": 164581022.48,
      "p25": 136002341.26,
      "p75": 337650000,
      "p90": 508426596.31,
      "p95": 1288878052,
      "count": 24
    },
    "awardStdDev": {
      "mean": 100802825.92807627,
      "std": 212925972.8532923,
      "min": 0,
      "max": 934540025.5499933,
      "median": 0,
      "p25": 0,
      "p75": 126089300.88956532,
      "p90": 246710229.12575957,
      "p95": 565086463.47,
      "count": 24
    },
    "concentrationIndex": {
      "mean": 0.679199676559343,
      "std": 0.3649511462201606,
      "min": 0.07917379965990078,
      "max": 1,
      "median": 1,
      "p25": 0.33861744162533164,
      "p75": 1,
      "p90": 1,
      "p95": 1,
      "count": 24
    },
    "agencyConcentration": {
      "mean": 0.9851190476190476,
      "std": 0.0665718217055858,
      "min": 0.6666666666666666,
      "max": 1,
      "median": 1,
      "p25": 1,
      "p75": 1,
      "p90": 1,
      "p95": 1,
      "count": 24
    },
    "yearOverYearGrowth": {
      "mean": 0.5449038596726244,
      "std": 0.8207929699605567,
      "min": 0,
      "max": 2.926274821248618,
      "median": 0,
      "p25": 0,
      "p75": 0.7993103896208653,
      "p90": 2.0505761747140614,
      "p95": 2.3738607477894798,
      "count": 24
    },
    "soleSourceRatio": {
      "mean": 0,
      "std": 0,
      "min": 0,
      "max": 0,
      "median": 0,
      "p25": 0,
      "p75": 0,
      "p90": 0,
      "p95": 0,
      "count": 24
    },
    "highRiskCategoryRatio": {
      "mean": 0.22500000000000006,
      "std": 0.36644564045354316,
      "min": 0,
      "max": 1,
      "median": 0,
      "p25": 0,
      "p75": 0.4,
      "p90": 1,
      "p95": 1,
      "count": 24
    },
    "defenseRatio": {
      "mean": 0.7351190476190476,
      "std": 0.4295245409225462,
      "min": 0,
      "max": 1,
      "median": 1,
      "p25": 0.6666666666666666,
      "p75": 1,
      "p90": 1,
      "p95": 1,
      "count": 24
    },
    "largeAwardRatio": {
      "mean": 0.001984126984126984,
      "std": 0.009515538736731579,
      "min": 0,
      "max": 0.047619047619047616,
      "median": 0,
      "p25": 0,
      "p75": 0,
      "p90": 0,
      "p95": 0,
      "count": 24
    },
    "specialtyRisk": {
      "mean": 1.1486658042051046,
      "std": 0.5066629199551269,
      "min": 1,
      "max": 3,
      "median": 1,
      "p25": 1,
      "p75": 1,
      "p90": 1,
      "p95": 3,
      "count": 82709
    },
    "exclusionSeverity": {
      "mean": 3.903916139718773,
      "std": 1.0619121755131933,
      "min": 2,
      "max": 5,
      "median": 3,
      "p25": 3,
      "p75": 5,
      "p90": 5,
      "p95": 5,
      "count": 82709
    }
  },
  "fraudPatterns": {
    "byFraudType": {
      "off_label_marketing": {
        "count": 2,
        "totalAmount": 5300000000,
        "avgAmount": 2650000000,
        "indicators": {}
      },
      "kickbacks": {
        "count": 10,
        "totalAmount": 6355450000,
        "avgAmount": 635545000,
        "indicators": {}
      },
      "safety_data_failure": {
        "count": 1,
        "totalAmount": 3000000000,
        "avgAmount": 3000000000,
        "indicators": {}
      },
      "upcoding": {
        "count": 3,
        "totalAmount": 890000000,
        "avgAmount": 296666666.6666667,
        "indicators": {}
      },
      "unnecessary_services": {
        "count": 3,
        "totalAmount": 857700000,
        "avgAmount": 285900000,
        "indicators": {}
      },
      "cost_report_fraud": {
        "count": 1,
        "totalAmount": 840000000,
        "avgAmount": 840000000,
        "indicators": {}
      },
      "false_claims": {
        "count": 10,
        "totalAmount": 1638200000,
        "avgAmount": 163820000,
        "indicators": {}
      },
      "quality_issues": {
        "count": 1,
        "totalAmount": 302000000,
        "avgAmount": 302000000,
        "indicators": {}
      },
      "medicaid_rebate_fraud": {
        "count": 1,
        "totalAmount": 260000000,
        "avgAmount": 260000000,
        "indicators": {}
      },
      "whistleblower_case": {
        "count": 1,
        "totalAmount": 15000000,
        "avgAmount": 15000000,
        "indicators": {}
      },
      "research_fraud": {
        "count": 1,
        "totalAmount": 8200000,
        "avgAmount": 8200000,
        "indicators": {}
      },
      "unnecessary_admissions": {
        "count": 1,
        "totalAmount": 48000000,
        "avgAmount": 48000000,
        "indicators": {}
      },
      "quality_fraud": {
        "count": 2,
        "totalAmount": 743000000,
        "avgAmount": 371500000,
        "indicators": {}
      },
      "false_certifications": {
        "count": 1,
        "totalAmount": 264000000,
        "avgAmount": 264000000,
        "indicators": {}
      },
      "defective_pricing": {
        "count": 4,
        "totalAmount": 423700000,
        "avgAmount": 105925000,
        "indicators": {}
      },
      "labor_mischarging": {
        "count": 3,
        "totalAmount": 35500000,
        "avgAmount": 11833333.333333334,
        "indicators": {}
      },
      "overbilling": {
        "count": 5,
        "totalAmount": 1495700000,
        "avgAmount": 299140000,
        "indicators": {}
      },
      "billing_fraud": {
        "count": 1,
        "totalAmount": 2600000,
        "avgAmount": 2600000,
        "indicators": {}
      },
      "excessive_pricing": {
        "count": 1,
        "totalAmount": 16100000,
        "avgAmount": 16100000,
        "indicators": {}
      }
    },
    "byIndustry": {
      "pharmaceutical": {
        "count": 8,
        "totalAmount": 7674000000,
        "fraudTypes": {}
      },
      "hospital_system": {
        "count": 2,
        "totalAmount": 855700000,
        "fraudTypes": {}
      },
      "dialysis": {
        "count": 1,
        "totalAmount": 400000000,
        "fraudTypes": {}
      },
      "laboratory": {
        "count": 1,
        "totalAmount": 302000000,
        "fraudTypes": {}
      },
      "substance_abuse_treatment": {
        "count": 1,
        "totalAmount": 2000000,
        "fraudTypes": {}
      },
      "behavioral_health": {
        "count": 1,
        "totalAmount": 15000000,
        "fraudTypes": {}
      },
      "academic_medical_center": {
        "count": 1,
        "totalAmount": 8200000,
        "fraudTypes": {}
      },
      "medical_devices": {
        "count": 2,
        "totalAmount": 499000000,
        "fraudTypes": {}
      },
      "rehabilitation": {
        "count": 1,
        "totalAmount": 48000000,
        "fraudTypes": {}
      },
      "pharmacy": {
        "count": 1,